{
    "os": "Linux-4.19.112+-x86_64-with-Ubuntu-18.04-bionic",
    "python": "3.7.10",
    "heartbeatAt": "2021-04-14T20:16:48.160395",
    "startedAt": "2021-04-14T20:16:41.153791",
    "docker": null,
    "gpu": "Tesla T4",
    "gpu_count": 1,
    "cpu_count": 2,
    "cuda": "11.0.228",
    "args": [
        "-f",
        "/root/.local/share/jupyter/runtime/kernel-4d11df67-8100-4d7a-ac13-2346540fad9a.json"
    ],
    "state": "running",
    "program": "SIMPLE_CIFAR.ipynb",
    "root": "/gdrive/My Drive/To_GPU",
    "git": {
        "remote": "git@github.com:Pollux3737/FSN.git",
        "commit": "a5d380d4dcc0abdb6e4e4f5949304c0fe111d1dc"
    },
    "email": null,
    "host": "fe68fc7e4018",
    "username": "root",
    "executable": "/usr/bin/python3"
}
