{
    "os": "Linux-4.19.112+-x86_64-with-Ubuntu-18.04-bionic",
    "python": "3.7.10",
    "heartbeatAt": "2021-04-13T13:58:50.648028",
    "startedAt": "2021-04-13T13:58:42.418648",
    "docker": null,
    "cpu_count": 2,
    "cuda": "11.0.228",
    "args": [
        "-f",
        "/root/.local/share/jupyter/runtime/kernel-016b18b2-e606-413a-b833-fb00231f71b4.json"
    ],
    "state": "running",
    "program": "SIMPLE_CIFAR.ipynb",
    "root": "/gdrive/My Drive/To_GPU",
    "git": {
        "remote": "git@github.com:Pollux3737/FSN.git",
        "commit": "a5d380d4dcc0abdb6e4e4f5949304c0fe111d1dc"
    },
    "email": null,
    "host": "0969c70a9d2e",
    "username": "root",
    "executable": "/usr/bin/python3"
}
